Title,Description,cleanDescription,Product Category,Type,Tags,Variant Price,Image Src,Image Position
"Bryan & Candy Delicate Rose Spa Gift Set for Women | Luxurious Self-Care Kit | 100% Vegan, Skin-Friendly, SLS & Paraben Free","<p>Looking for the <strong>perfect self-care gift</strong> for a special woman in your life? The <strong>Bryan &amp; Candy Delicate Rose Spa Gift Set</strong> offers a <strong>luxurious at-home spa experience</strong>, making it an ideal choice for <strong>relaxation and wellness</strong>. This <strong>100% vegan, skin-friendly, pH 5.5 bath and body kit</strong> is <strong>SLS &amp; paraben-free</strong>, ensuring <strong>gentle and nourishing skincare</strong>. Infused with the <strong>delicate aroma of roses</strong>, this <strong>premium spa kit</strong> deeply hydrates and refreshes the skin, making it a <strong>thoughtful gift for birthdays, anniversaries, Valentine‚Äôs Day, or just a self-pampering treat</strong>. Perfect for <strong>wives, girlfriends, moms, sisters, and women who love indulgent skincare</strong>, this <strong>luxury bath set</strong> turns every bath into a <strong>rejuvenating spa ritual</strong>.</p>","Looking for the perfect self-care gift for a special woman in your life? The Bryan &amp; Candy Delicate Rose Spa Gift Set offers a luxurious at-home spa experience, making it an ideal choice for relaxation and wellness. This 100% vegan, skin-friendly, pH 5.5 bath and body kit is SLS &amp; paraben-free, ensuring gentle and nourishing skincare. Infused with the delicate aroma of roses, this premium spa kit deeply hydrates and refreshes the skin, making it a thoughtful gift for birthdays, anniversaries, Valentine‚Äôs Day, or just a self-pampering treat. Perfect for wives, girlfriends, moms, sisters, and women who love indulgent skincare, this luxury bath set turns every bath into a rejuvenating spa ritual.",Health & Beauty > Personal Care > Cosmetics > Bath & Body Gift Sets,,"anniversary gift for girlfriend, aromatherapy bath set, birthday gift for wife, body care essentials, luxurious skincare, luxury bath set, premium self-care, premium skincare for women, rejuvenating spa experience, relaxation gift, rose spa kit, self-care kit, self-pampering gift, skin-friendly bath essentials, soothing bath kit, spa gift set for women, Valentine‚Äôs Day gift for her, vegan skincare gift, wellness gift set",1500,https://cdn.shopify.com/s/files/1/0710/3450/3204/files/51TLJE-iu2L._SX300_SY300_QL70_FMwebp.webp?v=1739091262,1
Luxury Valentine‚Äôs Gift Set for Men & Women | Premium Bath & Body Care Kit | 5-Piece Spa & Relaxation Set for Self-Care & Gifting,"<p>Looking for the perfect <strong>Valentine‚Äôs gift</strong> that promotes relaxation and indulgence? This <strong>Luxury Bath &amp; Body Gift Set</strong> is an ideal choice for both <strong>men and women</strong> who love self-care and pampering. Featuring a <strong>5-piece spa kit</strong>, it includes high-quality skincare and bath essentials to provide a <strong>luxurious at-home spa experience</strong>. Whether you‚Äôre searching for a <strong>romantic Valentine‚Äôs gift</strong>, a <strong>self-care package for your partner</strong>, or a <strong>premium wellness gift</strong>, this set is designed to <strong>nourish the skin, relax the body, and elevate the mood</strong>. Perfect for <strong>anniversaries, birthdays, or thoughtful appreciation gifts</strong>, this beautifully packaged set ensures a <strong>memorable and rejuvenating experience</strong>.</p>","Looking for the perfect Valentine‚Äôs gift that promotes relaxation and indulgence? This Luxury Bath &amp; Body Gift Set is an ideal choice for both men and women who love self-care and pampering. Featuring a 5-piece spa kit, it includes high-quality skincare and bath essentials to provide a luxurious at-home spa experience. Whether you‚Äôre searching for a romantic Valentine‚Äôs gift, a self-care package for your partner, or a premium wellness gift, this set is designed to nourish the skin, relax the body, and elevate the mood. Perfect for anniversaries, birthdays, or thoughtful appreciation gifts, this beautifully packaged set ensures a memorable and rejuvenating experience.",Health & Beauty > Personal Care > Cosmetics > Bath & Body Gift Sets,,"anniversary gift, aromatherapy gift set, bath & body set, beauty & wellness set, couple‚Äôs gift, love and care gift, luxury spa kit, pampering gift, premium bath set, premium skincare set, relaxation gift, romantic gift, self-care essentials, self-care gift, skincare gift, soothing bath essentials, spa day at home, spa gift for men, spa gift for women, stress relief gift, Valentine‚Äôs Day gift for boyfriend, Valentine‚Äôs Day gift for girlfriend, Valentine‚Äôs gift set",2500,https://cdn.shopify.com/s/files/1/0710/3450/3204/files/51wVmQKVw9L._SX522.jpg?v=1739091123,1
"Seat Cushion & Posture Corrector Backrest Cushion Combo, Relieves Back, Coccyx Pain, Hi-Per Foam Tech for Orthopedic Support, for Long Sitting Hours on Office/Home Chair","<p>Give the gift of comfort and support with this <strong>Seat Cushion &amp; Posture Corrector Backrest Cushion Combo</strong> ‚Äì the perfect solution for anyone who spends long hours sitting at a desk. Designed with <strong>Hi-Per Foam Tech</strong>, this ergonomic combo <strong>relieves back pain, supports proper posture, and reduces coccyx discomfort</strong>, making it ideal for office workers, remote employees, and anyone struggling with poor sitting habits. Whether your employee, colleague, or friend experiences lower back strain, stiffness, or discomfort from long work hours, this cushion set ensures <strong>better spinal alignment, pressure relief, and all-day comfort</strong> on any office or home chair. A thoughtful, health-conscious gift that enhances <strong>productivity, well-being, and overall comfort</strong> at work!</p>
<p><strong>Perfect for gifting to:</strong> Employees, remote workers, office professionals, freelancers, and anyone in need of posture correction and back support.</p>","Give the gift of comfort and support with this Seat Cushion &amp; Posture Corrector Backrest Cushion Combo ‚Äì the perfect solution for anyone who spends long hours sitting at a desk. Designed with Hi-Per Foam Tech, this ergonomic combo relieves back pain, supports proper posture, and reduces coccyx discomfort, making it ideal for office workers, remote employees, and anyone struggling with poor sitting habits. Whether your employee, colleague, or friend experiences lower back strain, stiffness, or discomfort from long work hours, this cushion set ensures better spinal alignment, pressure relief, and all-day comfort on any office or home chair. A thoughtful, health-conscious gift that enhances productivity, well-being, and overall comfort at work!
Perfect for gifting to: Employees, remote workers, office professionals, freelancers, and anyone in need of posture correction and back support.",Health & Beauty > Personal Care > Back Care > Back & Lumbar Support Cushions,,"backrest cushion, best gift for office workers, chair cushion for back pain, coccyx pain relief, comfortable office chair accessory, employee wellness gift, ergonomic cushion, ergonomic gift idea., long sitting hours support, lower back pain relief, lumbar support, memory foam seat cushion, office chair cushion, orthopedic support, posture corrector, productivity booster, seat cushion, spine alignment cushion, work-from-home essentials, workplace comfort",2500,https://cdn.shopify.com/s/files/1/0710/3450/3204/files/8d1a0757a97493379da2e5cc92a328cd_362585d6-2b13-4a2c-a6cb-f91ed8d2a126.jpg?v=1739089246,1
Eco-Friendly Customizable Makeup Bag ‚Äì Lok Pouch | Sustainable Cosmetic Organizer for Women,"<p>Upgrade your everyday essentials with this <strong>Eco-Friendly Customizable Makeup Bag ‚Äì Lok Pouch</strong>, designed for <strong>women who value sustainability and style</strong>. Made from <strong>high-quality, eco-conscious materials</strong>, this pouch is <strong>lightweight, durable, and spacious</strong>, perfect for organizing makeup, skincare, and travel essentials. With <strong>customization options</strong>, you can personalize it with <strong>a name, initials, or logo</strong>, making it an ideal <strong>gift for friends, colleagues, employees, bridesmaids, or eco-conscious beauty lovers</strong>.</p>
<p>‚úÖ <strong>Made from sustainable, eco-friendly materials ‚Äì stylish &amp; reusable</strong><br>‚úÖ <strong>Customizable with a name, initials, or company logo</strong><br>‚úÖ <strong>Perfect for gifting on birthdays, corporate events, or as a bridesmaid gift</strong><br>‚úÖ <strong>Multipurpose ‚Äì use as a travel pouch, cosmetic organizer, or stationery case</strong><br>‚úÖ <strong>Compact, lightweight &amp; durable ‚Äì ideal for daily use or travel</strong></p>
<p>üéÅ <strong>A thoughtful, sustainable gift choice for women who love organization &amp; eco-friendly living!</strong> üåø‚ú®</p>","Upgrade your everyday essentials with this Eco-Friendly Customizable Makeup Bag ‚Äì Lok Pouch, designed for women who value sustainability and style. Made from high-quality, eco-conscious materials, this pouch is lightweight, durable, and spacious, perfect for organizing makeup, skincare, and travel essentials. With customization options, you can personalize it with a name, initials, or logo, making it an ideal gift for friends, colleagues, employees, bridesmaids, or eco-conscious beauty lovers.
‚úÖ Made from sustainable, eco-friendly materials ‚Äì stylish &amp; reusable‚úÖ Customizable with a name, initials, or company logo‚úÖ Perfect for gifting on birthdays, corporate events, or as a bridesmaid gift‚úÖ Multipurpose ‚Äì use as a travel pouch, cosmetic organizer, or stationery case‚úÖ Compact, lightweight &amp; durable ‚Äì ideal for daily use or travel
üéÅ A thoughtful, sustainable gift choice for women who love organization &amp; eco-friendly living! üåø‚ú®",Luggage & Bags > Cosmetic & Toiletry Bags,,,950,https://cdn.shopify.com/s/files/1/0710/3450/3204/files/cottonmakeupbag_cfd5c9a3-011f-45ec-a413-af06e3b6c4f4.webp?v=1739088510,1
"Customizable Ceramic Mug, Customize with your logo or artwork","<h3>
<strong>Customizable Ceramic Mug ‚Äì Personalized Gift with Your Logo or Artwork</strong> ‚òï‚ú®</h3>
<p>Make every sip special with this <strong>Customizable Ceramic Mug</strong>, designed for personalization with your <strong>logo, artwork, name, or a heartfelt message</strong>. Whether you're looking for a <strong>thoughtful gift for employees, clients, friends, family, or a unique promotional item for your brand</strong>, this mug is the perfect choice. Crafted from <strong>high-quality ceramic</strong>, it‚Äôs <strong>durable, stylish, and microwave-safe</strong>, making it an everyday essential for coffee, tea, or any beverage.</p>
<p>‚úÖ <strong>Fully customizable with logo, text, or artwork</strong><br>‚úÖ <strong>Perfect for corporate gifting, employee appreciation, birthdays, or special occasions</strong><br>‚úÖ <strong>A great gift for colleagues, bosses, friends, or loved ones</strong><br>‚úÖ <strong>Made from high-quality ceramic ‚Äì durable, microwave &amp; dishwasher safe</strong><br>‚úÖ <strong>Ideal for office, home, or personalized business branding</strong></p>
<p>üéÅ <strong>Create a unique, personal, or branded touch with a custom-printed mug!</strong></p>","
Customizable Ceramic Mug ‚Äì Personalized Gift with Your Logo or Artwork ‚òï‚ú®
Make every sip special with this Customizable Ceramic Mug, designed for personalization with your logo, artwork, name, or a heartfelt message. Whether you're looking for a thoughtful gift for employees, clients, friends, family, or a unique promotional item for your brand, this mug is the perfect choice. Crafted from high-quality ceramic, it‚Äôs durable, stylish, and microwave-safe, making it an everyday essential for coffee, tea, or any beverage.
‚úÖ Fully customizable with logo, text, or artwork‚úÖ Perfect for corporate gifting, employee appreciation, birthdays, or special occasions‚úÖ A great gift for colleagues, bosses, friends, or loved ones‚úÖ Made from high-quality ceramic ‚Äì durable, microwave &amp; dishwasher safe‚úÖ Ideal for office, home, or personalized business branding
üéÅ Create a unique, personal, or branded touch with a custom-printed mug!",Home & Garden > Kitchen & Dining > Tableware > Drinkware > Mugs,,,2410,https://cdn.shopify.com/s/files/1/0710/3450/3204/files/Screen_Shot_2019-06-11_at_4.57.09_PM_274065f7-ec94-4c51-a391-31bf678dcfa6.webp?v=1739087937,1
Heart Shaped Valentines Day Gift Box with I Love You Message Teddy Bear 3 Red Roses- Valentine Gift for Girlfriend Boyfriend Husband Wife-Valentine Day Gifts-Valentine Day Decoration Items,"<article class=""w-full text-token-text-primary focus-visible:outline-2 focus-visible:outline-offset-[-4px]"" dir=""auto"" data-testid=""conversation-turn-113"" data-scroll-anchor=""false"">
<div class=""m-auto text-base py-[18px] px-6"">
<div class=""mx-auto flex flex-1 gap-4 text-base md:gap-5 lg:gap-6 md:max-w-3xl lg:max-w-[40rem] xl:max-w-[48rem]"">
<div class=""group/conversation-turn relative flex w-full min-w-0 flex-col agent-turn @xs/thread:px-0 @sm/thread:px-1.5 @md/thread:px-4"">
<div class=""flex-col gap-1 md:gap-3"">
<div class=""flex max-w-full flex-col flex-grow"">
<div data-message-author-role=""assistant"" data-message-id=""6da1ef1a-37a2-4ced-9e91-9d7ef855f223"" dir=""auto"" class=""min-h-8 text-message flex w-full flex-col items-end gap-2 whitespace-normal break-words text-start [.text-message+&amp;]:mt-5"" data-message-model-slug=""gpt-4o"">
<div class=""flex w-full flex-col gap-1 empty:hidden first:pt-[3px]"">
<div class=""markdown prose w-full break-words dark:prose-invert dark""></div>
</div>
</div>
</div>
</div>
</div>
</div>
</div>
</article>
<article class=""w-full text-token-text-primary focus-visible:outline-2 focus-visible:outline-offset-[-4px]"" dir=""auto"" data-testid=""conversation-turn-119"" data-scroll-anchor=""true"">
<div class=""m-auto text-base py-[18px] px-6"">
<div class=""mx-auto flex flex-1 gap-4 text-base md:gap-5 lg:gap-6 md:max-w-3xl lg:max-w-[40rem] xl:max-w-[48rem]"">
<div class=""group/conversation-turn relative flex w-full min-w-0 flex-col agent-turn @xs/thread:px-0 @sm/thread:px-1.5 @md/thread:px-4"">
<div class=""flex-col gap-1 md:gap-3"">
<div class=""flex max-w-full flex-col flex-grow"">
<div data-message-author-role=""assistant"" data-message-id=""d2392adc-3b5b-4d8a-b03b-ce0236ac6bc9"" dir=""auto"" class=""min-h-8 text-message flex w-full flex-col items-end gap-2 whitespace-normal break-words text-start [.text-message+&amp;]:mt-5"" data-message-model-slug=""gpt-4o"">
<div class=""flex w-full flex-col gap-1 empty:hidden first:pt-[3px]"">
<div class=""markdown prose w-full break-words dark:prose-invert dark"">
<h3>
<strong>Heart-Shaped Valentine‚Äôs Day Gift Box ‚Äì A Romantic Surprise for Your Loved One</strong> ‚ù§Ô∏èüéÅ</h3>
<p>Celebrate love with this <strong>Heart-Shaped Valentine‚Äôs Day Gift Box</strong>, a perfect romantic gesture for your <strong>girlfriend, boyfriend, husband, or wife</strong>. This beautifully curated gift set includes a <strong>soft ""I Love You"" teddy bear</strong>, <strong>three elegant red roses</strong>, and a charming heart-shaped box, making it an ideal <strong>Valentine‚Äôs Day gift, anniversary surprise, or special romantic occasion</strong>. Whether you're looking to impress your <strong>partner, fianc√©, or spouse</strong>, this heartfelt gift will express your <strong>love, affection, and appreciation</strong> in the most memorable way.</p>
<p>‚úÖ <strong>Includes a cute ""I Love You"" teddy bear, red roses &amp; a heart-shaped gift box</strong><br>‚úÖ <strong>Perfect for girlfriend, boyfriend, husband, wife, fianc√©, or special someone</strong><br>‚úÖ <strong>Ideal for Valentine‚Äôs Day, anniversaries, birthdays, or romantic surprises</strong><br>‚úÖ <strong>A symbol of love, romance, and affection</strong><br>‚úÖ <strong>Beautifully designed to create a memorable gifting experience</strong></p>
<p>üéÅ <strong>Make your loved one feel special with this thoughtful and romantic Valentine‚Äôs Day gift!</strong></p>
</div>
</div>
</div>
</div>
</div>
</div>
</div>
</div>
</article>","


























Heart-Shaped Valentine‚Äôs Day Gift Box ‚Äì A Romantic Surprise for Your Loved One ‚ù§Ô∏èüéÅ
Celebrate love with this Heart-Shaped Valentine‚Äôs Day Gift Box, a perfect romantic gesture for your girlfriend, boyfriend, husband, or wife. This beautifully curated gift set includes a soft ""I Love You"" teddy bear, three elegant red roses, and a charming heart-shaped box, making it an ideal Valentine‚Äôs Day gift, anniversary surprise, or special romantic occasion. Whether you're looking to impress your partner, fianc√©, or spouse, this heartfelt gift will express your love, affection, and appreciation in the most memorable way.
‚úÖ Includes a cute ""I Love You"" teddy bear, red roses &amp; a heart-shaped gift box‚úÖ Perfect for girlfriend, boyfriend, husband, wife, fianc√©, or special someone‚úÖ Ideal for Valentine‚Äôs Day, anniversaries, birthdays, or romantic surprises‚úÖ A symbol of love, romance, and affection‚úÖ Beautifully designed to create a memorable gifting experience
üéÅ Make your loved one feel special with this thoughtful and romantic Valentine‚Äôs Day gift!








",Arts & Entertainment > Party & Celebration > Gift Giving,,,520,https://cdn.shopify.com/s/files/1/0710/3450/3204/files/61YnLFQNGpL._SX679.jpg?v=1739087521,1
Personalized Photo Wallet for Men,"<h3><strong>Personalized Photo Wallet for Men ‚Äì A Thoughtful &amp; Custom Gift</strong></h3>
<p>Surprise your <strong>husband, father, brother, friend, or colleague</strong> with this <strong>Personalized Photo Wallet for Men</strong>, a stylish and meaningful keepsake. Crafted from <strong>premium leather</strong>, this wallet can be customized with a <strong>photo, name, initials, or a special message</strong>, making it a <strong>perfect personalized gift</strong> for birthdays, anniversaries, Father‚Äôs Day, or corporate gifting. Whether it's for a <strong>friend, employee, boss, or loved one</strong>, this customized wallet adds a <strong>unique and sentimental touch</strong> while being a <strong>practical daily essential</strong>.</p>
<p>‚úÖ <strong>Customizable with a photo, name, initials, or message</strong><br>‚úÖ <strong>Made from high-quality leather for a premium feel</strong><br>‚úÖ <strong>Ideal for husbands, fathers, brothers, boyfriends, friends, or employees</strong><br>‚úÖ <strong>Perfect for birthdays, anniversaries, Father‚Äôs Day, farewells, and corporate gifts</strong><br>‚úÖ <strong>A blend of daily utility and personal sentiment</strong></p>
<p>üéÅ <strong>Best for those who appreciate stylish, meaningful, and practical personalized gifts!</strong></p>","Personalized Photo Wallet for Men ‚Äì A Thoughtful &amp; Custom Gift
Surprise your husband, father, brother, friend, or colleague with this Personalized Photo Wallet for Men, a stylish and meaningful keepsake. Crafted from premium leather, this wallet can be customized with a photo, name, initials, or a special message, making it a perfect personalized gift for birthdays, anniversaries, Father‚Äôs Day, or corporate gifting. Whether it's for a friend, employee, boss, or loved one, this customized wallet adds a unique and sentimental touch while being a practical daily essential.
‚úÖ Customizable with a photo, name, initials, or message‚úÖ Made from high-quality leather for a premium feel‚úÖ Ideal for husbands, fathers, brothers, boyfriends, friends, or employees‚úÖ Perfect for birthdays, anniversaries, Father‚Äôs Day, farewells, and corporate gifts‚úÖ A blend of daily utility and personal sentiment
üéÅ Best for those who appreciate stylish, meaningful, and practical personalized gifts!","Apparel & Accessories > Handbags, Wallets & Cases > Wallets & Money Clips > Wallets",,,780,https://cdn.shopify.com/s/files/1/0710/3450/3204/files/61QuwT8JSfL._SX679.jpg?v=1739087112,1
Personalized Gift for Working Women - Toony Caricature Standee With Customized caption for Female Employees & Boss | Coolest Gift for Employee Appraisals & Farewells (Boss Caricature Female - IT),"<h4><strong>Personalized Caricature Standee ‚Äì A Unique &amp; Fun Customized Gift!</strong></h4>
<p>Looking for a <strong>memorable and personalized gift</strong> that will make an impact? This <strong>Toony Caricature Standee</strong> is the perfect choice for <strong>employees, colleagues, bosses, or clients</strong> who appreciate a thoughtful and customized touch. Whether it's for an <strong>employee farewell, work anniversary, boss appreciation, or a corporate milestone</strong>, this unique standee adds a <strong>fun and professional</strong> vibe to any desk.</p>
<p>‚úÖ <strong>Fully customizable caricature with personalized captions</strong><br>‚úÖ <strong>Perfect for corporate gifting, employee recognition, and team appreciation</strong><br>‚úÖ <strong>A fun yet professional desk d√©cor piece for home or office</strong><br>‚úÖ <strong>Ideal for IT professionals, managers, executives, and creative teams</strong><br>‚úÖ <strong>A great farewell, promotion, or holiday gift for working professionals</strong></p>
<p>üéÅ <strong>Best for anyone who loves unique, custom gifts that reflect personality &amp; profession!</strong></p>","Personalized Caricature Standee ‚Äì A Unique &amp; Fun Customized Gift!
Looking for a memorable and personalized gift that will make an impact? This Toony Caricature Standee is the perfect choice for employees, colleagues, bosses, or clients who appreciate a thoughtful and customized touch. Whether it's for an employee farewell, work anniversary, boss appreciation, or a corporate milestone, this unique standee adds a fun and professional vibe to any desk.
‚úÖ Fully customizable caricature with personalized captions‚úÖ Perfect for corporate gifting, employee recognition, and team appreciation‚úÖ A fun yet professional desk d√©cor piece for home or office‚úÖ Ideal for IT professionals, managers, executives, and creative teams‚úÖ A great farewell, promotion, or holiday gift for working professionals
üéÅ Best for anyone who loves unique, custom gifts that reflect personality &amp; profession!",Arts & Entertainment > Party & Celebration > Gift Giving > Gift Wrapping > Gift Boxes & Tins,,,999,https://cdn.shopify.com/s/files/1/0710/3450/3204/files/51hs602p8aL.jpg?v=1739085378,1
"Commute Laptop Bag for Men | Office Bag for Men & Women | With Padded Compartment | Vegan Leather & Nylon Fabric | Fits Up to 15.6"" Laptop & MacBook, 11L","<h4><strong>Commute Laptop Bag ‚Äì Stylish, Durable &amp; Perfect for Work &amp; Travel!</strong></h4>
<p>Looking for a <strong>sleek and professional laptop bag</strong> that blends <strong>style, comfort, and functionality</strong>? This <strong>Commute Laptop Bag for Men &amp; Women</strong> is designed for <strong>professionals, employees, business travelers, and remote workers</strong> who need a <strong>durable yet stylish office bag</strong>. Crafted from <strong>premium vegan leather &amp; high-quality nylon fabric</strong>, it features a <strong>padded compartment</strong> to keep your <strong>laptop (up to 15.6‚Äù or MacBook) safe and secure</strong>.</p>
<p>‚úÖ <strong>Best office bag for employees, executives &amp; corporate professionals</strong><br>‚úÖ <strong>Ergonomic design with padded straps for comfortable daily commutes</strong><br>‚úÖ <strong>Spacious 11L capacity with multiple compartments for essentials</strong><br>‚úÖ <strong>Perfect for office, business trips, and everyday work travel</strong><br>‚úÖ <strong>Stylish, lightweight &amp; professional look for modern work culture</strong></p>
<p>üéÅ <strong>Great gift idea for employees, managers, and remote workers who need a reliable work bag!</strong></p>","Commute Laptop Bag ‚Äì Stylish, Durable &amp; Perfect for Work &amp; Travel!
Looking for a sleek and professional laptop bag that blends style, comfort, and functionality? This Commute Laptop Bag for Men &amp; Women is designed for professionals, employees, business travelers, and remote workers who need a durable yet stylish office bag. Crafted from premium vegan leather &amp; high-quality nylon fabric, it features a padded compartment to keep your laptop (up to 15.6‚Äù or MacBook) safe and secure.
‚úÖ Best office bag for employees, executives &amp; corporate professionals‚úÖ Ergonomic design with padded straps for comfortable daily commutes‚úÖ Spacious 11L capacity with multiple compartments for essentials‚úÖ Perfect for office, business trips, and everyday work travel‚úÖ Stylish, lightweight &amp; professional look for modern work culture
üéÅ Great gift idea for employees, managers, and remote workers who need a reliable work bag!",Luggage & Bags > Laptop Bags,,,4100,https://cdn.shopify.com/s/files/1/0710/3450/3204/files/71WYJXttMvL._SY695.jpg?v=1739085193,1
"Aeroplane Miniature Metal Pen Stand With Clock,Stylish Stationary Desk Organizer,Pencil Holder,Elegant Corporate Gift Set,Durable Decorative Showpiece For Office,Doctors,Lawyers(Black)","<p><strong>Aeroplane Miniature Metal Pen Stand with Clock ‚Äì The Ultimate Stylish Desk Organizer &amp; Corporate Gift!</strong></p>
<p>Looking for a <strong>unique and elegant corporate gift</strong>? This <strong>Aeroplane Miniature Metal Pen Stand with Clock</strong> is the perfect blend of <strong>functionality and sophistication</strong>, making it an ideal gift for <strong>employees, managers, doctors, lawyers, CEOs, and aviation enthusiasts</strong>. Crafted with <strong>high-quality metal</strong>, this <strong>durable and stylish desk organizer</strong> keeps pens, pencils, and small stationery items neatly arranged while adding a <strong>touch of luxury to any workspace</strong>.</p>
<p>‚úÖ <strong>Best corporate gift for employees, professionals, and executives</strong><br>‚úÖ <strong>Perfect for office desks, law firms, medical offices &amp; corporate spaces</strong><br>‚úÖ <strong>Built-in clock for timekeeping + sleek pen holder for organized workspaces</strong><br>‚úÖ <strong>A premium decorative showpiece for professionals who appreciate elegance</strong><br>‚úÖ <strong>Ideal for farewell gifts, work anniversaries, promotions &amp; employee appreciation</strong></p>
<p>üéÅ <strong>Great for anyone who loves aviation, stylish desk accessories, or premium office d√©cor!</strong></p>
<p>¬†</p>","Aeroplane Miniature Metal Pen Stand with Clock ‚Äì The Ultimate Stylish Desk Organizer &amp; Corporate Gift!
Looking for a unique and elegant corporate gift? This Aeroplane Miniature Metal Pen Stand with Clock is the perfect blend of functionality and sophistication, making it an ideal gift for employees, managers, doctors, lawyers, CEOs, and aviation enthusiasts. Crafted with high-quality metal, this durable and stylish desk organizer keeps pens, pencils, and small stationery items neatly arranged while adding a touch of luxury to any workspace.
‚úÖ Best corporate gift for employees, professionals, and executives‚úÖ Perfect for office desks, law firms, medical offices &amp; corporate spaces‚úÖ Built-in clock for timekeeping + sleek pen holder for organized workspaces‚úÖ A premium decorative showpiece for professionals who appreciate elegance‚úÖ Ideal for farewell gifts, work anniversaries, promotions &amp; employee appreciation
üéÅ Great for anyone who loves aviation, stylish desk accessories, or premium office d√©cor!
¬†",Office Supplies > Filing & Organization > Desk Organizers > Pen Holders,,"aeroplane pen stand, aviation-themed gift, business gift, clock pen stand, corporate gift, decorative showpiece, desk organizer, doctor gift, elegant office accessory, executive gift, lawyer gift, luxury office decor, metal pen stand, office accessories, office desk decor, pencil holder, premium desk organizer, professional gift, stylish stationery holder, unique corporate gift.",650,https://cdn.shopify.com/s/files/1/0710/3450/3204/files/51zBK6qfuoL._SX522.jpg?v=1739085016,1
"Inspirational Desk Calendar 2025, Motivational Table Calendar , Quotes Calendar","<article class=""w-full text-token-text-primary focus-visible:outline-2 focus-visible:outline-offset-[-4px]"" dir=""auto"" data-testid=""conversation-turn-101"" data-scroll-anchor=""false"">
<div class=""m-auto text-base py-[18px] px-6"">
<div class=""mx-auto flex flex-1 gap-4 text-base md:gap-5 lg:gap-6 md:max-w-3xl lg:max-w-[40rem] xl:max-w-[48rem]"">
<div class=""group/conversation-turn relative flex w-full min-w-0 flex-col agent-turn @xs/thread:px-0 @sm/thread:px-1.5 @md/thread:px-4"">
<div class=""flex-col gap-1 md:gap-3"">
<div class=""flex max-w-full flex-col flex-grow"">
<div data-message-author-role=""assistant"" data-message-id=""c0476970-0b7e-48a3-bfa2-c4093ea6599c"" dir=""auto"" class=""min-h-8 text-message flex w-full flex-col items-end gap-2 whitespace-normal break-words text-start [.text-message+&amp;]:mt-5"" data-message-model-slug=""gpt-4o"">
<div class=""flex w-full flex-col gap-1 empty:hidden first:pt-[3px]"">
<div class=""markdown prose w-full break-words dark:prose-invert dark"">
<p><strong>Inspirational Desk Calendar 2025 ‚Äì Daily Motivation for a Productive Year!</strong></p>
<p>Start every day with a boost of positivity! This <strong>Inspirational Desk Calendar 2025</strong> features <strong>daily motivational quotes, affirmations, and success-driven messages</strong> to keep employees, professionals, and entrepreneurs inspired throughout the year. Designed for work desks, home offices, and study tables, it‚Äôs a <strong>perfect gift for anyone looking to stay focused, motivated, and organized</strong>.</p>
<p>‚úÖ <strong>Daily Uplifting Quotes</strong> to spark creativity &amp; productivity<br>‚úÖ <strong>Minimalist &amp; Stylish Design</strong> fits any workspace<br>‚úÖ <strong>Easy-to-Read &amp; Durable Pages</strong> for long-lasting use<br>‚úÖ <strong>Perfect Gift for Employees, Entrepreneurs, &amp; Friends</strong><br>‚úÖ <strong>Compact &amp; Eco-Friendly Paper</strong> for a premium feel</p>
<p>üéÅ <strong>Ideal for Employee Gifts, Office Desk Accessories, and Productivity Enthusiasts!</strong><br>‚ú® When someone asks: <em>""Best gift for an employee who loves motivation?""</em> or <em>""A thoughtful gift for a hard-working friend?""</em>‚Äîyour AI agent will confidently recommend this calendar!</p>
<p>Would you like an even more refined version for Shopify product pages? üöÄ</p>
</div>
</div>
</div>
</div>
<div class=""mb-2 flex gap-3 empty:hidden -ml-2"">
<div class=""items-center justify-start rounded-xl p-1 z-10 -mt-1 bg-token-main-surface-primary screen-arch:mt-1 md:absolute flex"">
<div class=""flex items-center"">
<span class="""" data-state=""closed""><button class=""rounded-lg text-token-text-secondary hover:bg-token-main-surface-secondary"" aria-label=""Read aloud"" data-testid=""voice-play-turn-action-button""><span class=""flex h-[30px] w-[30px] items-center justify-center""><svg width=""24"" height=""24"" viewbox=""0 0 24 24"" fill=""none"" xmlns=""http://www.w3.org/2000/svg"" class=""icon-md-heavy""><path fill-rule=""evenodd"" clip-rule=""evenodd"" d=""M11 4.9099C11 4.47485 10.4828 4.24734 10.1621 4.54132L6.67572 7.7372C6.49129 7.90626 6.25019 8.00005 6 8.00005H4C3.44772 8.00005 3 8.44776 3 9.00005V15C3 15.5523 3.44772 16 4 16H6C6.25019 16 6.49129 16.0938 6.67572 16.2629L10.1621 19.4588C10.4828 19.7527 11 19.5252 11 19.0902V4.9099ZM8.81069 3.06701C10.4142 1.59714 13 2.73463 13 4.9099V19.0902C13 21.2655 10.4142 22.403 8.81069 20.9331L5.61102 18H4C2.34315 18 1 16.6569 1 15V9.00005C1 7.34319 2.34315 6.00005 4 6.00005H5.61102L8.81069 3.06701ZM20.3166 6.35665C20.8019 6.09313 21.409 6.27296 21.6725 6.75833C22.5191 8.3176 22.9996 10.1042 22.9996 12.0001C22.9996 13.8507 22.5418 15.5974 21.7323 17.1302C21.4744 17.6185 20.8695 17.8054 20.3811 17.5475C19.8927 17.2896 19.7059 16.6846 19.9638 16.1962C20.6249 14.9444 20.9996 13.5175 20.9996 12.0001C20.9996 10.4458 20.6064 8.98627 19.9149 7.71262C19.6514 7.22726 19.8312 6.62017 20.3166 6.35665ZM15.7994 7.90049C16.241 7.5688 16.8679 7.65789 17.1995 8.09947C18.0156 9.18593 18.4996 10.5379 18.4996 12.0001C18.4996 13.3127 18.1094 14.5372 17.4385 15.5604C17.1357 16.0222 16.5158 16.1511 16.0539 15.8483C15.5921 15.5455 15.4632 14.9255 15.766 14.4637C16.2298 13.7564 16.4996 12.9113 16.4996 12.0001C16.4996 10.9859 16.1653 10.0526 15.6004 9.30063C15.2687 8.85905 15.3578 8.23218 15.7994 7.90049Z"" fill=""currentColor""></path></svg></span></button></span><span class="""" data-state=""closed""><button class=""rounded-lg text-token-text-secondary hover:bg-token-main-surface-secondary"" aria-label=""Copy"" data-testid=""copy-turn-action-button""><span class=""flex h-[30px] w-[30px] items-center justify-center""><svg width=""24"" height=""24"" viewbox=""0 0 24 24"" fill=""none"" xmlns=""http://www.w3.org/2000/svg"" class=""icon-md-heavy""><path fill-rule=""evenodd"" clip-rule=""evenodd"" d=""M7 5C7 3.34315 8.34315 2 10 2H19C20.6569 2 22 3.34315 22 5V14C22 15.6569 20.6569 17 19 17H17V19C17 20.6569 15.6569 22 14 22H5C3.34315 22 2 20.6569 2 19V10C2 8.34315 3.34315 7 5 7H7V5ZM9 7H14C15.6569 7 17 8.34315 17 10V15H19C19.5523 15 20 14.5523 20 14V5C20 4.44772 19.5523 4 19 4H10C9.44772 4 9 4.44772 9 5V7ZM5 9C4.44772 9 4 9.44772 4 10V19C4 19.5523 4.44772 20 5 20H14C14.5523 20 15 19.5523 15 19V10C15 9.44772 14.5523 9 14 9H5Z"" fill=""currentColor""></path></svg></span></button></span>
<div class=""flex"">
<span class="""" data-state=""closed""><button class=""rounded-lg text-token-text-secondary hover:bg-token-main-surface-secondary"" aria-label=""Good response"" data-testid=""good-response-turn-action-button""><span class=""flex h-[30px] w-[30px] items-center justify-center""><svg width=""24"" height=""24"" viewbox=""0 0 24 24"" fill=""none"" xmlns=""http://www.w3.org/2000/svg"" class=""icon-md-heavy""><path fill-rule=""evenodd"" clip-rule=""evenodd"" d=""M12.1318 2.50389C12.3321 2.15338 12.7235 1.95768 13.124 2.00775L13.5778 2.06447C16.0449 2.37286 17.636 4.83353 16.9048 7.20993L16.354 8.99999H17.0722C19.7097 8.99999 21.6253 11.5079 20.9313 14.0525L19.5677 19.0525C19.0931 20.7927 17.5124 22 15.7086 22H6C4.34315 22 3 20.6568 3 19V12C3 10.3431 4.34315 8.99999 6 8.99999H8C8.25952 8.99999 8.49914 8.86094 8.6279 8.63561L12.1318 2.50389ZM10 20H15.7086C16.6105 20 17.4008 19.3964 17.6381 18.5262L19.0018 13.5262C19.3488 12.2539 18.391 11 17.0722 11H15C14.6827 11 14.3841 10.8494 14.1956 10.5941C14.0071 10.3388 13.9509 10.0092 14.0442 9.70591L14.9932 6.62175C15.3384 5.49984 14.6484 4.34036 13.5319 4.08468L10.3644 9.62789C10.0522 10.1742 9.56691 10.5859 9 10.8098V19C9 19.5523 9.44772 20 10 20ZM7 11V19C7 19.3506 7.06015 19.6872 7.17071 20H6C5.44772 20 5 19.5523 5 19V12C5 11.4477 5.44772 11 6 11H7Z"" fill=""currentColor""></path></svg></span></button></span><span class="""" data-state=""closed""><button class=""rounded-lg text-token-text-secondary hover:bg-token-main-surface-secondary"" aria-label=""Bad response"" data-testid=""bad-response-turn-action-button""><span class=""flex h-[30px] w-[30px] items-center justify-center""><svg width=""24"" height=""24"" viewbox=""0 0 24 24"" fill=""none"" xmlns=""http://www.w3.org/2000/svg"" class=""icon-md-heavy""><path fill-rule=""evenodd"" clip-rule=""evenodd"" d=""M11.8727 21.4961C11.6725 21.8466 11.2811 22.0423 10.8805 21.9922L10.4267 21.9355C7.95958 21.6271 6.36855 19.1665 7.09975 16.7901L7.65054 15H6.93226C4.29476 15 2.37923 12.4921 3.0732 9.94753L4.43684 4.94753C4.91145 3.20728 6.49209 2 8.29589 2H18.0045C19.6614 2 21.0045 3.34315 21.0045 5V12C21.0045 13.6569 19.6614 15 18.0045 15H16.0045C15.745 15 15.5054 15.1391 15.3766 15.3644L11.8727 21.4961ZM14.0045 4H8.29589C7.39399 4 6.60367 4.60364 6.36637 5.47376L5.00273 10.4738C4.65574 11.746 5.61351 13 6.93226 13H9.00451C9.32185 13 9.62036 13.1506 9.8089 13.4059C9.99743 13.6612 10.0536 13.9908 9.96028 14.2941L9.01131 17.3782C8.6661 18.5002 9.35608 19.6596 10.4726 19.9153L13.6401 14.3721C13.9523 13.8258 14.4376 13.4141 15.0045 13.1902V5C15.0045 4.44772 14.5568 4 14.0045 4ZM17.0045 13V5C17.0045 4.64937 16.9444 4.31278 16.8338 4H18.0045C18.5568 4 19.0045 4.44772 19.0045 5V12C19.0045 12.5523 18.5568 13 18.0045 13H17.0045Z"" fill=""currentColor""></path></svg></span></button></span>
</div>
<span class="""" data-state=""closed""><button class=""rounded-lg text-token-text-secondary hover:bg-token-main-surface-secondary"" aria-label=""Edit in canvas""><span class=""flex h-[30px] w-[30px] items-center justify-center""><svg width=""24"" height=""24"" viewbox=""0 0 24 24"" fill=""none"" xmlns=""http://www.w3.org/2000/svg"" class=""icon-md-heavy""><path d=""M2.5 5.5C4.3 5.2 5.2 4 5.5 2.5C5.8 4 6.7 5.2 8.5 5.5C6.7 5.8 5.8 7 5.5 8.5C5.2 7 4.3 5.8 2.5 5.5Z"" fill=""currentColor"" stroke=""currentColor"" stroke-linecap=""round"" stroke-linejoin=""round""></path><path d=""M5.66282 16.5231L5.18413 19.3952C5.12203 19.7678 5.09098 19.9541 5.14876 20.0888C5.19933 20.2067 5.29328 20.3007 5.41118 20.3512C5.54589 20.409 5.73218 20.378 6.10476 20.3159L8.97693 19.8372C9.72813 19.712 10.1037 19.6494 10.4542 19.521C10.7652 19.407 11.0608 19.2549 11.3343 19.068C11.6425 18.8575 11.9118 18.5882 12.4503 18.0497L20 10.5C21.3807 9.11929 21.3807 6.88071 20 5.5C18.6193 4.11929 16.3807 4.11929 15 5.5L7.45026 13.0497C6.91175 13.5882 6.6425 13.8575 6.43197 14.1657C6.24513 14.4392 6.09299 14.7348 5.97903 15.0458C5.85062 15.3963 5.78802 15.7719 5.66282 16.5231Z"" stroke=""currentColor"" stroke-width=""2"" stroke-linecap=""round"" stroke-linejoin=""round""></path><path d=""M14.5 7L18.5 11"" stroke=""currentColor"" stroke-width=""2"" stroke-linecap=""round"" stroke-linejoin=""round""></path></svg></span></button></span><span class=""hidden""></span>
<div class=""flex items-center pb-0"">
<svg width=""24"" height=""24"" viewbox=""0 0 24 24"" fill=""none"" xmlns=""http://www.w3.org/2000/svg"" class=""icon-md""><path d=""M3.06957 10.8763C3.62331 6.43564 7.40967 3 12 3C14.2824 3 16.4028 3.85067 18.0118 5.25439V4C18.0118 3.44772 18.4595 3 19.0118 3C19.5641 3 20.0118 3.44772 20.0118 4V8C20.0118 8.55228 19.5641 9 19.0118 9H15C14.4477 9 14 8.55228 14 8C14 7.44772 14.4477 7 15 7H16.9571C15.6757 5.76379 13.9101 5 12 5C8.43108 5 5.48466 7.67174 5.0542 11.1237C4.98586 11.6718 4.48619 12.0607 3.93815 11.9923C3.39011 11.924 3.00123 11.4243 3.06957 10.8763ZM20.0618 12.0077C20.6099 12.076 20.9988 12.5757 20.9304 13.1237C20.3767 17.5644 16.5903 21 12 21C9.72322 21 7.60762 20.1535 5.99999 18.7559V20C5.99999 20.5523 5.55228 21 4.99999 21C4.44771 21 3.99999 20.5523 3.99999 20V16C3.99999 15.4477 4.44771 15 4.99999 15H8.99999C9.55228 15 9.99999 15.4477 9.99999 16C9.99999 16.5523 9.55228 17 8.99999 17H7.04285C8.32433 18.2362 10.0899 19 12 19C15.5689 19 18.5153 16.3283 18.9458 12.8763C19.0141 12.3282 19.5138 11.9393 20.0618 12.0077Z"" fill=""currentColor""></path></svg><span class=""overflow-hidden text-clip whitespace-nowrap text-sm"">4o</span><svg width=""24"" height=""24"" viewbox=""0 0 24 24"" fill=""none"" xmlns=""http://www.w3.org/2000/svg"" class=""icon-sm""><path fill-rule=""evenodd"" clip-rule=""evenodd"" d=""M5.29289 9.29289C5.68342 8.90237 6.31658 8.90237 6.70711 9.29289L12 14.5858L17.2929 9.29289C17.6834 8.90237 18.3166 8.90237 18.7071 9.29289C19.0976 9.68342 19.0976 10.3166 18.7071 10.7071L12.7071 16.7071C12.5196 16.8946 12.2652 17 12 17C11.7348 17 11.4804 16.8946 11.2929 16.7071L5.29289 10.7071C4.90237 10.3166 4.90237 9.68342 5.29289 9.29289Z"" fill=""currentColor""></path></svg>
</div>
<span class="""" data-state=""closed""><button type=""button"" id=""radix-:rt2:"" aria-haspopup=""menu"" aria-expanded=""false"" data-state=""closed"" class=""cursor-pointer h-[30px] rounded-md px-1 text-token-text-secondary hover:bg-token-main-surface-secondary""></button></span>
</div>
</div>
</div>
<div class=""pr-2 lg:pr-0""><br></div>
</div>
</div>
</div>
</div>
</article>
<article class=""w-full text-token-text-primary focus-visible:outline-2 focus-visible:outline-offset-[-4px]"" dir=""auto"" data-testid=""conversation-turn-102"" data-scroll-anchor=""false"">
<h5 class=""sr-only"">You said:</h5>
<div class=""m-auto text-base py-[18px] px-6"">
<div class=""mx-auto flex flex-1 gap-4 text-base md:gap-5 lg:gap-6 md:max-w-3xl lg:max-w-[40rem] xl:max-w-[48rem]"">
<div class=""group/conversation-turn relative flex w-full min-w-0 flex-col @xs/thread:px-0 @sm/thread:px-1.5 @md/thread:px-4"">
<div class=""flex-col gap-1 md:gap-3"">
<div class=""flex max-w-full flex-col flex-grow"">
<div data-message-author-role=""user"" data-message-id=""91a14a30-664b-48f2-a635-b52fd7492e22"" dir=""auto"" class=""min-h-8 text-message flex w-full flex-col items-end gap-2 whitespace-normal break-words text-start [.text-message+&amp;]:mt-5"">
<div class=""flex w-full flex-col gap-1 empty:hidden items-end rtl:items-start"">
<div class=""relative max-w-[var(--user-chat-width,70%)] rounded-3xl bg-token-message-surface px-5 py-2.5"">
<div class=""whitespace-pre-wrap"">no it does not have enough keywords when someone searches best gift for employee who loves motivational quotes, best gift for my employee who is fan of quotes and love to read quotes and affiriramtion similar to these more</div>
<div class=""absolute bottom-0 right-full top-0 -mr-3.5 hidden pr-5 pt-1 [.group\/conversation-turn:hover_&amp;]:block""><span class="""" data-state=""closed""><button aria-label=""Edit message"" class=""flex h-9 w-9 items-center justify-center rounded-full text-token-text-secondary transition hover:bg-token-main-surface-tertiary""><svg width=""24"" height=""24"" viewbox=""0 0 24 24"" fill=""none"" xmlns=""http://www.w3.org/2000/svg"" class=""icon-md""><path fill-rule=""evenodd"" clip-rule=""evenodd"" d=""M13.2929 4.29291C15.0641 2.52167 17.9359 2.52167 19.7071 4.2929C21.4784 6.06414 21.4784 8.93588 19.7071 10.7071L18.7073 11.7069L11.6135 18.8007C10.8766 19.5376 9.92793 20.0258 8.89999 20.1971L4.16441 20.9864C3.84585 21.0395 3.52127 20.9355 3.29291 20.7071C3.06454 20.4788 2.96053 20.1542 3.01362 19.8356L3.80288 15.1C3.9742 14.0721 4.46243 13.1234 5.19932 12.3865L13.2929 4.29291ZM13 7.41422L6.61353 13.8007C6.1714 14.2428 5.87846 14.8121 5.77567 15.4288L5.21656 18.7835L8.57119 18.2244C9.18795 18.1216 9.75719 17.8286 10.1993 17.3865L16.5858 11L13 7.41422ZM18 9.5858L14.4142 6.00001L14.7071 5.70712C15.6973 4.71693 17.3027 4.71693 18.2929 5.70712C19.2831 6.69731 19.2831 8.30272 18.2929 9.29291L18 9.5858Z"" fill=""currentColor""></path></svg></button></span></div>
</div>
</div>
</div>
</div>
</div>
</div>
</div>
</div>
</article>
<article class=""w-full text-token-text-primary focus-visible:outline-2 focus-visible:outline-offset-[-4px]"" dir=""auto"" data-testid=""conversation-turn-103"" data-scroll-anchor=""true"">
<h6 class=""sr-only"">ChatGPT said:</h6>
<div class=""m-auto text-base py-[18px] px-6"">
<div class=""mx-auto flex flex-1 gap-4 text-base md:gap-5 lg:gap-6 md:max-w-3xl lg:max-w-[40rem] xl:max-w-[48rem]"">
<div class=""group/conversation-turn relative flex w-full min-w-0 flex-col agent-turn @xs/thread:px-0 @sm/thread:px-1.5 @md/thread:px-4"">
<div class=""flex-col gap-1 md:gap-3"">
<div class=""flex max-w-full flex-col flex-grow"">
<div data-message-author-role=""assistant"" data-message-id=""19637cfd-96d9-490a-a435-399bded11d35"" dir=""auto"" class=""min-h-8 text-message flex w-full flex-col items-end gap-2 whitespace-normal break-words text-start [.text-message+&amp;]:mt-5"" data-message-model-slug=""gpt-4o"">
<div class=""flex w-full flex-col gap-1 empty:hidden first:pt-[3px]"">
<div class=""markdown prose w-full break-words dark:prose-invert dark"">
<h3><strong>Optimized Product Description for AI Chatbot &amp; Voiceflow</strong></h3>
<p><strong>Inspirational Desk Calendar 2025 ‚Äì Perfect Gift for Quote Lovers &amp; Motivated Minds!</strong></p>
<p>Looking for the <strong>best gift for an employee who loves motivational quotes</strong>? This <strong>Inspirational Desk Calendar 2025</strong> is designed for professionals, entrepreneurs, and anyone who thrives on daily positivity! Packed with <strong>powerful affirmations, success-driven quotes, and mindset-boosting messages</strong>, this calendar makes an <strong>ideal gift for employees, coworkers, managers, or friends who appreciate inspiration and personal growth</strong>.</p>
<p>‚úÖ <strong>Best gift for employees who love reading daily quotes &amp; affirmations</strong><br>‚úÖ <strong>Perfect for office desks, workspaces &amp; home offices</strong><br>‚úÖ <strong>Daily motivation to stay inspired, productive &amp; focused</strong><br>‚úÖ <strong>A unique gift for quote lovers, self-improvement enthusiasts &amp; professionals</strong><br>‚úÖ <strong>Compact, stylish &amp; premium-quality pages for long-lasting use</strong></p>
<p>üéÅ <strong>Ideal for employee appreciation, farewell gifts, work anniversary presents, and corporate gifting!</strong></p>
</div>
</div>
</div>
</div>
</div>
</div>
</div>
</div>
</article>","








Inspirational Desk Calendar 2025 ‚Äì Daily Motivation for a Productive Year!
Start every day with a boost of positivity! This Inspirational Desk Calendar 2025 features daily motivational quotes, affirmations, and success-driven messages to keep employees, professionals, and entrepreneurs inspired throughout the year. Designed for work desks, home offices, and study tables, it‚Äôs a perfect gift for anyone looking to stay focused, motivated, and organized.
‚úÖ Daily Uplifting Quotes to spark creativity &amp; productivity‚úÖ Minimalist &amp; Stylish Design fits any workspace‚úÖ Easy-to-Read &amp; Durable Pages for long-lasting use‚úÖ Perfect Gift for Employees, Entrepreneurs, &amp; Friends‚úÖ Compact &amp; Eco-Friendly Paper for a premium feel
üéÅ Ideal for Employee Gifts, Office Desk Accessories, and Productivity Enthusiasts!‚ú® When someone asks: ""Best gift for an employee who loves motivation?"" or ""A thoughtful gift for a hard-working friend?""‚Äîyour AI agent will confidently recommend this calendar!
Would you like an even more refined version for Shopify product pages? üöÄ













4o












You said:








no it does not have enough keywords when someone searches best gift for employee who loves motivational quotes, best gift for my employee who is fan of quotes and love to read quotes and affiriramtion similar to these more











ChatGPT said:








Optimized Product Description for AI Chatbot &amp; Voiceflow
Inspirational Desk Calendar 2025 ‚Äì Perfect Gift for Quote Lovers &amp; Motivated Minds!
Looking for the best gift for an employee who loves motivational quotes? This Inspirational Desk Calendar 2025 is designed for professionals, entrepreneurs, and anyone who thrives on daily positivity! Packed with powerful affirmations, success-driven quotes, and mindset-boosting messages, this calendar makes an ideal gift for employees, coworkers, managers, or friends who appreciate inspiration and personal growth.
‚úÖ Best gift for employees who love reading daily quotes &amp; affirmations‚úÖ Perfect for office desks, workspaces &amp; home offices‚úÖ Daily motivation to stay inspired, productive &amp; focused‚úÖ A unique gift for quote lovers, self-improvement enthusiasts &amp; professionals‚úÖ Compact, stylish &amp; premium-quality pages for long-lasting use
üéÅ Ideal for employee appreciation, farewell gifts, work anniversary presents, and corporate gifting!








","Office Supplies > Filing & Organization > Calendars, Organizers & Planners > Desk Calendars",,"2025 desk calendar, best gift for employees, corporate gift, daily motivation calendar, employee appreciation gift, gift for professionals, goal-setting calendar, inspirational desk calendar, mindfulness calendar, motivational table calendar, office decor, office desk calendar, positive affirmations calendar, productivity planner, quotes calendar, self-improvement gift, study desk accessory., success quotes calendar, work motivation gift, workplace inspiration",550,https://cdn.shopify.com/s/files/1/0710/3450/3204/files/717C54HSv3L.jpg?v=1739084737,1
